Date,TimeBucket,Cap,% Order Left
01/10/24,9:00-10:00,Large Cap,73.69
01/10/24,10:00-11:00,Large Cap,58.14
01/10/24,11:00-12:00,Large Cap,53.63
01/10/24,12:00-13:00,Large Cap,41.57
01/10/24,13:00-14:00,Large Cap,36.38
01/10/24,14:00-15:00,Large Cap,36.38
01/10/24,15:00-16:00,Large Cap,36.38
01/10/24,16:00-17:00,Large Cap,36.38
01/10/24,Post-Market,Large Cap,0.0
01/10/24,Pre-Market,Large Cap,100.0
01/10/24,9:00-10:00,Medium Cap,67.67
01/10/24,10:00-11:00,Medium Cap,55.37
01/10/24,11:00-12:00,Medium Cap,40.87
01/10/24,12:00-13:00,Medium Cap,40.87
01/10/24,13:00-14:00,Medium Cap,40.87
01/10/24,14:00-15:00,Medium Cap,40.87
01/10/24,15:00-16:00,Medium Cap,40.87
01/10/24,16:00-17:00,Medium Cap,40.87
01/10/24,Post-Market,Medium Cap,0.0
01/10/24,Pre-Market,Medium Cap,100.0
01/10/24,9:00-10:00,Small Cap,67.65
01/10/24,10:00-11:00,Small Cap,67.65
01/10/24,11:00-12:00,Small Cap,61.38
01/10/24,12:00-13:00,Small Cap,61.38
01/10/24,13:00-14:00,Small Cap,61.38
01/10/24,14:00-15:00,Small Cap,61.38
01/10/24,15:00-16:00,Small Cap,61.38
01/10/24,16:00-17:00,Small Cap,61.38
01/10/24,Post-Market,Small Cap,0.0
01/10/24,Pre-Market,Small Cap,100.0
02/10/24,9:00-10:00,Large Cap,53.13
02/10/24,10:00-11:00,Large Cap,52.95
02/10/24,11:00-12:00,Large Cap,48.27
02/10/24,12:00-13:00,Large Cap,39.2
02/10/24,13:00-14:00,Large Cap,39.2
02/10/24,14:00-15:00,Large Cap,39.2
02/10/24,15:00-16:00,Large Cap,39.2
02/10/24,16:00-17:00,Large Cap,34.13
02/10/24,Post-Market,Large Cap,0.0
02/10/24,Pre-Market,Large Cap,100.0
02/10/24,9:00-10:00,Medium Cap,40.4
02/10/24,10:00-11:00,Medium Cap,40.4
02/10/24,11:00-12:00,Medium Cap,40.4
02/10/24,12:00-13:00,Medium Cap,40.4
02/10/24,13:00-14:00,Medium Cap,40.4
02/10/24,14:00-15:00,Medium Cap,40.4
02/10/24,15:00-16:00,Medium Cap,40.4
02/10/24,16:00-17:00,Medium Cap,40.4
02/10/24,Post-Market,Medium Cap,0.0
02/10/24,Pre-Market,Medium Cap,100.0
02/10/24,9:00-10:00,Small Cap,63.36
02/10/24,10:00-11:00,Small Cap,63.36
02/10/24,11:00-12:00,Small Cap,62.61
02/10/24,12:00-13:00,Small Cap,62.61
02/10/24,13:00-14:00,Small Cap,62.61
02/10/24,14:00-15:00,Small Cap,62.61
02/10/24,15:00-16:00,Small Cap,62.61
02/10/24,16:00-17:00,Small Cap,62.61
02/10/24,Post-Market,Small Cap,0.0
02/10/24,Pre-Market,Small Cap,100.0
03/10/24,9:00-10:00,Large Cap,48.92
03/10/24,10:00-11:00,Large Cap,40.32
03/10/24,11:00-12:00,Large Cap,40.32
03/10/24,12:00-13:00,Large Cap,40.32
03/10/24,13:00-14:00,Large Cap,40.32
03/10/24,14:00-15:00,Large Cap,40.32
03/10/24,15:00-16:00,Large Cap,37.87
03/10/24,16:00-17:00,Large Cap,32.06
03/10/24,Post-Market,Large Cap,0.0
03/10/24,Pre-Market,Large Cap,100.0
03/10/24,9:00-10:00,Medium Cap,70.04
03/10/24,10:00-11:00,Medium Cap,63.61
03/10/24,11:00-12:00,Medium Cap,63.61
03/10/24,12:00-13:00,Medium Cap,60.87
03/10/24,13:00-14:00,Medium Cap,40.12
03/10/24,14:00-15:00,Medium Cap,40.12
03/10/24,15:00-16:00,Medium Cap,40.12
03/10/24,16:00-17:00,Medium Cap,40.12
03/10/24,Post-Market,Medium Cap,0.0
03/10/24,Pre-Market,Medium Cap,100.0
03/10/24,9:00-10:00,Small Cap,71.81
03/10/24,10:00-11:00,Small Cap,71.81
03/10/24,11:00-12:00,Small Cap,56.9
03/10/24,12:00-13:00,Small Cap,56.9
03/10/24,13:00-14:00,Small Cap,56.9
03/10/24,14:00-15:00,Small Cap,56.9
03/10/24,15:00-16:00,Small Cap,56.9
03/10/24,16:00-17:00,Small Cap,56.9
03/10/24,Post-Market,Small Cap,0.0
03/10/24,Pre-Market,Small Cap,100.0
04/10/24,9:00-10:00,Large Cap,54.44
04/10/24,10:00-11:00,Large Cap,46.48
04/10/24,11:00-12:00,Large Cap,44.86
04/10/24,12:00-13:00,Large Cap,44.86
04/10/24,13:00-14:00,Large Cap,44.86
04/10/24,14:00-15:00,Large Cap,44.86
04/10/24,15:00-16:00,Large Cap,44.86
04/10/24,16:00-17:00,Large Cap,44.86
04/10/24,Post-Market,Large Cap,0.0
04/10/24,Pre-Market,Large Cap,100.0
04/10/24,9:00-10:00,Medium Cap,62.61
04/10/24,10:00-11:00,Medium Cap,45.85
04/10/24,11:00-12:00,Medium Cap,45.85
04/10/24,12:00-13:00,Medium Cap,45.85
04/10/24,13:00-14:00,Medium Cap,45.85
04/10/24,14:00-15:00,Medium Cap,45.85
04/10/24,15:00-16:00,Medium Cap,45.85
04/10/24,16:00-17:00,Medium Cap,45.85
04/10/24,Post-Market,Medium Cap,0.0
04/10/24,Pre-Market,Medium Cap,100.0
04/10/24,9:00-10:00,Small Cap,70.03
04/10/24,10:00-11:00,Small Cap,67.9
04/10/24,11:00-12:00,Small Cap,67.9
04/10/24,12:00-13:00,Small Cap,67.9
04/10/24,13:00-14:00,Small Cap,60.41
04/10/24,14:00-15:00,Small Cap,60.41
04/10/24,15:00-16:00,Small Cap,60.41
04/10/24,16:00-17:00,Small Cap,60.41
04/10/24,Post-Market,Small Cap,0.0
04/10/24,Pre-Market,Small Cap,100.0
05/10/24,9:00-10:00,Large Cap,35.14
05/10/24,10:00-11:00,Large Cap,35.14
05/10/24,11:00-12:00,Large Cap,34.07
05/10/24,12:00-13:00,Large Cap,34.07
05/10/24,13:00-14:00,Large Cap,34.07
05/10/24,14:00-15:00,Large Cap,34.07
05/10/24,15:00-16:00,Large Cap,34.07
05/10/24,16:00-17:00,Large Cap,28.97
05/10/24,Post-Market,Large Cap,0.0
05/10/24,Pre-Market,Large Cap,100.0
05/10/24,9:00-10:00,Medium Cap,54.34
05/10/24,10:00-11:00,Medium Cap,44.49
05/10/24,11:00-12:00,Medium Cap,44.49
05/10/24,12:00-13:00,Medium Cap,44.49
05/10/24,13:00-14:00,Medium Cap,44.49
05/10/24,14:00-15:00,Medium Cap,43.93
05/10/24,15:00-16:00,Medium Cap,43.93
05/10/24,16:00-17:00,Medium Cap,43.93
05/10/24,Post-Market,Medium Cap,0.0
05/10/24,Pre-Market,Medium Cap,100.0
05/10/24,9:00-10:00,Small Cap,70.5
05/10/24,10:00-11:00,Small Cap,70.34
05/10/24,11:00-12:00,Small Cap,65.4
05/10/24,12:00-13:00,Small Cap,65.4
05/10/24,13:00-14:00,Small Cap,65.4
05/10/24,14:00-15:00,Small Cap,65.4
05/10/24,15:00-16:00,Small Cap,63.82
05/10/24,16:00-17:00,Small Cap,63.82
05/10/24,Post-Market,Small Cap,0.0
05/10/24,Pre-Market,Small Cap,100.0
06/10/24,9:00-10:00,Large Cap,77.99
06/10/24,10:00-11:00,Large Cap,59.85
06/10/24,11:00-12:00,Large Cap,59.85
06/10/24,12:00-13:00,Large Cap,56.19
06/10/24,13:00-14:00,Large Cap,46.32
06/10/24,14:00-15:00,Large Cap,37.76
06/10/24,15:00-16:00,Large Cap,37.76
06/10/24,16:00-17:00,Large Cap,37.76
06/10/24,Post-Market,Large Cap,0.0
06/10/24,Pre-Market,Large Cap,100.0
06/10/24,9:00-10:00,Medium Cap,64.74
06/10/24,10:00-11:00,Medium Cap,50.25
06/10/24,11:00-12:00,Medium Cap,50.25
06/10/24,12:00-13:00,Medium Cap,50.25
06/10/24,13:00-14:00,Medium Cap,50.25
06/10/24,14:00-15:00,Medium Cap,50.25
06/10/24,15:00-16:00,Medium Cap,50.25
06/10/24,16:00-17:00,Medium Cap,50.25
06/10/24,Post-Market,Medium Cap,0.0
06/10/24,Pre-Market,Medium Cap,100.0
06/10/24,9:00-10:00,Small Cap,64.04
06/10/24,10:00-11:00,Small Cap,64.04
06/10/24,11:00-12:00,Small Cap,64.04
06/10/24,12:00-13:00,Small Cap,64.04
06/10/24,13:00-14:00,Small Cap,64.04
06/10/24,14:00-15:00,Small Cap,64.04
06/10/24,15:00-16:00,Small Cap,64.04
06/10/24,16:00-17:00,Small Cap,64.04
06/10/24,Post-Market,Small Cap,0.0
06/10/24,Pre-Market,Small Cap,100.0
07/10/24,9:00-10:00,Large Cap,57.1
07/10/24,10:00-11:00,Large Cap,27.28
07/10/24,11:00-12:00,Large Cap,27.28
07/10/24,12:00-13:00,Large Cap,27.28
07/10/24,13:00-14:00,Large Cap,27.28
07/10/24,14:00-15:00,Large Cap,27.28
07/10/24,15:00-16:00,Large Cap,27.28
07/10/24,16:00-17:00,Large Cap,27.28
07/10/24,Post-Market,Large Cap,0.0
07/10/24,Pre-Market,Large Cap,100.0
07/10/24,9:00-10:00,Medium Cap,59.27
07/10/24,10:00-11:00,Medium Cap,55.53
07/10/24,11:00-12:00,Medium Cap,47.54
07/10/24,12:00-13:00,Medium Cap,47.54
07/10/24,13:00-14:00,Medium Cap,47.54
07/10/24,14:00-15:00,Medium Cap,47.54
07/10/24,15:00-16:00,Medium Cap,47.54
07/10/24,16:00-17:00,Medium Cap,47.54
07/10/24,Post-Market,Medium Cap,0.0
07/10/24,Pre-Market,Medium Cap,100.0
07/10/24,9:00-10:00,Small Cap,65.77
07/10/24,10:00-11:00,Small Cap,65.77
07/10/24,11:00-12:00,Small Cap,65.77
07/10/24,12:00-13:00,Small Cap,65.77
07/10/24,13:00-14:00,Small Cap,65.77
07/10/24,14:00-15:00,Small Cap,65.77
07/10/24,15:00-16:00,Small Cap,65.77
07/10/24,16:00-17:00,Small Cap,65.77
07/10/24,Post-Market,Small Cap,0.0
07/10/24,Pre-Market,Small Cap,100.0
08/10/24,9:00-10:00,Large Cap,38.41
08/10/24,10:00-11:00,Large Cap,38.41
08/10/24,11:00-12:00,Large Cap,38.41
08/10/24,12:00-13:00,Large Cap,38.41
08/10/24,13:00-14:00,Large Cap,38.41
08/10/24,14:00-15:00,Large Cap,38.41
08/10/24,15:00-16:00,Large Cap,38.41
08/10/24,16:00-17:00,Large Cap,38.41
08/10/24,Post-Market,Large Cap,0.0
08/10/24,Pre-Market,Large Cap,100.0
08/10/24,9:00-10:00,Medium Cap,57.63
08/10/24,10:00-11:00,Medium Cap,57.63
08/10/24,11:00-12:00,Medium Cap,43.87
08/10/24,12:00-13:00,Medium Cap,43.87
08/10/24,13:00-14:00,Medium Cap,43.87
08/10/24,14:00-15:00,Medium Cap,43.87
08/10/24,15:00-16:00,Medium Cap,43.87
08/10/24,16:00-17:00,Medium Cap,43.87
08/10/24,Post-Market,Medium Cap,0.0
08/10/24,Pre-Market,Medium Cap,100.0
08/10/24,9:00-10:00,Small Cap,67.57
08/10/24,10:00-11:00,Small Cap,60.66
08/10/24,11:00-12:00,Small Cap,60.66
08/10/24,12:00-13:00,Small Cap,60.66
08/10/24,13:00-14:00,Small Cap,60.66
08/10/24,14:00-15:00,Small Cap,60.66
08/10/24,15:00-16:00,Small Cap,59.87
08/10/24,16:00-17:00,Small Cap,59.87
08/10/24,Post-Market,Small Cap,0.0
08/10/24,Pre-Market,Small Cap,100.0
09/10/24,9:00-10:00,Large Cap,42.88
09/10/24,10:00-11:00,Large Cap,42.88
09/10/24,11:00-12:00,Large Cap,42.88
09/10/24,12:00-13:00,Large Cap,42.74
09/10/24,13:00-14:00,Large Cap,42.74
09/10/24,14:00-15:00,Large Cap,42.74
09/10/24,15:00-16:00,Large Cap,42.74
09/10/24,16:00-17:00,Large Cap,42.74
09/10/24,Post-Market,Large Cap,0.0
09/10/24,Pre-Market,Large Cap,100.0
09/10/24,9:00-10:00,Medium Cap,53.47
09/10/24,10:00-11:00,Medium Cap,47.39
09/10/24,11:00-12:00,Medium Cap,47.39
09/10/24,12:00-13:00,Medium Cap,47.39
09/10/24,13:00-14:00,Medium Cap,47.39
09/10/24,14:00-15:00,Medium Cap,27.59
09/10/24,15:00-16:00,Medium Cap,27.59
09/10/24,16:00-17:00,Medium Cap,27.59
09/10/24,Post-Market,Medium Cap,0.0
09/10/24,Pre-Market,Medium Cap,100.0
09/10/24,9:00-10:00,Small Cap,78.83
09/10/24,10:00-11:00,Small Cap,74.59
09/10/24,11:00-12:00,Small Cap,62.4
09/10/24,12:00-13:00,Small Cap,62.4
09/10/24,13:00-14:00,Small Cap,62.4
09/10/24,14:00-15:00,Small Cap,62.4
09/10/24,15:00-16:00,Small Cap,62.4
09/10/24,16:00-17:00,Small Cap,62.4
09/10/24,Post-Market,Small Cap,0.0
09/10/24,Pre-Market,Small Cap,100.0
10/10/24,9:00-10:00,Large Cap,52.99
10/10/24,10:00-11:00,Large Cap,44.22
10/10/24,11:00-12:00,Large Cap,44.22
10/10/24,12:00-13:00,Large Cap,20.72
10/10/24,13:00-14:00,Large Cap,20.72
10/10/24,14:00-15:00,Large Cap,20.72
10/10/24,15:00-16:00,Large Cap,20.72
10/10/24,16:00-17:00,Large Cap,20.72
10/10/24,Post-Market,Large Cap,0.0
10/10/24,Pre-Market,Large Cap,100.0
10/10/24,9:00-10:00,Medium Cap,54.0
10/10/24,10:00-11:00,Medium Cap,54.0
10/10/24,11:00-12:00,Medium Cap,47.62
10/10/24,12:00-13:00,Medium Cap,47.62
10/10/24,13:00-14:00,Medium Cap,47.62
10/10/24,14:00-15:00,Medium Cap,47.62
10/10/24,15:00-16:00,Medium Cap,47.62
10/10/24,16:00-17:00,Medium Cap,47.62
10/10/24,Post-Market,Medium Cap,0.0
10/10/24,Pre-Market,Medium Cap,100.0
10/10/24,9:00-10:00,Small Cap,70.35
10/10/24,10:00-11:00,Small Cap,70.35
10/10/24,11:00-12:00,Small Cap,70.35
10/10/24,12:00-13:00,Small Cap,70.35
10/10/24,13:00-14:00,Small Cap,68.96
10/10/24,14:00-15:00,Small Cap,68.96
10/10/24,15:00-16:00,Small Cap,68.96
10/10/24,16:00-17:00,Small Cap,68.96
10/10/24,Post-Market,Small Cap,0.0
10/10/24,Pre-Market,Small Cap,100.0
11/10/24,9:00-10:00,Large Cap,69.16
11/10/24,10:00-11:00,Large Cap,46.97
11/10/24,11:00-12:00,Large Cap,46.97
11/10/24,12:00-13:00,Large Cap,46.97
11/10/24,13:00-14:00,Large Cap,46.97
11/10/24,14:00-15:00,Large Cap,46.97
11/10/24,15:00-16:00,Large Cap,34.91
11/10/24,16:00-17:00,Large Cap,34.91
11/10/24,Post-Market,Large Cap,0.0
11/10/24,Pre-Market,Large Cap,100.0
11/10/24,9:00-10:00,Medium Cap,54.08
11/10/24,10:00-11:00,Medium Cap,54.08
11/10/24,11:00-12:00,Medium Cap,54.08
11/10/24,12:00-13:00,Medium Cap,54.08
11/10/24,13:00-14:00,Medium Cap,54.08
11/10/24,14:00-15:00,Medium Cap,51.82
11/10/24,15:00-16:00,Medium Cap,47.86
11/10/24,16:00-17:00,Medium Cap,47.86
11/10/24,Post-Market,Medium Cap,0.0
11/10/24,Pre-Market,Medium Cap,100.0
11/10/24,9:00-10:00,Small Cap,72.74
11/10/24,10:00-11:00,Small Cap,72.74
11/10/24,11:00-12:00,Small Cap,72.74
11/10/24,12:00-13:00,Small Cap,68.45
11/10/24,13:00-14:00,Small Cap,68.45
11/10/24,14:00-15:00,Small Cap,68.45
11/10/24,15:00-16:00,Small Cap,68.45
11/10/24,16:00-17:00,Small Cap,68.45
11/10/24,Post-Market,Small Cap,0.0
11/10/24,Pre-Market,Small Cap,100.0
12/10/24,9:00-10:00,Large Cap,37.62
12/10/24,10:00-11:00,Large Cap,37.62
12/10/24,11:00-12:00,Large Cap,37.62
12/10/24,12:00-13:00,Large Cap,37.62
12/10/24,13:00-14:00,Large Cap,37.62
12/10/24,14:00-15:00,Large Cap,37.62
12/10/24,15:00-16:00,Large Cap,37.62
12/10/24,16:00-17:00,Large Cap,37.62
12/10/24,Post-Market,Large Cap,0.0
12/10/24,Pre-Market,Large Cap,100.0
12/10/24,9:00-10:00,Medium Cap,56.79
12/10/24,10:00-11:00,Medium Cap,51.78
12/10/24,11:00-12:00,Medium Cap,51.78
12/10/24,12:00-13:00,Medium Cap,45.52
12/10/24,13:00-14:00,Medium Cap,45.52
12/10/24,14:00-15:00,Medium Cap,45.52
12/10/24,15:00-16:00,Medium Cap,45.52
12/10/24,16:00-17:00,Medium Cap,45.52
12/10/24,Post-Market,Medium Cap,0.0
12/10/24,Pre-Market,Medium Cap,100.0
12/10/24,9:00-10:00,Small Cap,72.06
12/10/24,10:00-11:00,Small Cap,71.22
12/10/24,11:00-12:00,Small Cap,67.64
12/10/24,12:00-13:00,Small Cap,62.96
12/10/24,13:00-14:00,Small Cap,62.96
12/10/24,14:00-15:00,Small Cap,62.96
12/10/24,15:00-16:00,Small Cap,62.96
12/10/24,16:00-17:00,Small Cap,62.96
12/10/24,Post-Market,Small Cap,0.0
12/10/24,Pre-Market,Small Cap,100.0
13/10/24,9:00-10:00,Large Cap,53.36
13/10/24,10:00-11:00,Large Cap,38.4
13/10/24,11:00-12:00,Large Cap,38.4
13/10/24,12:00-13:00,Large Cap,38.4
13/10/24,13:00-14:00,Large Cap,38.4
13/10/24,14:00-15:00,Large Cap,38.4
13/10/24,15:00-16:00,Large Cap,38.4
13/10/24,16:00-17:00,Large Cap,38.4
13/10/24,Post-Market,Large Cap,0.0
13/10/24,Pre-Market,Large Cap,100.0
13/10/24,9:00-10:00,Medium Cap,60.13
13/10/24,10:00-11:00,Medium Cap,60.13
13/10/24,11:00-12:00,Medium Cap,60.13
13/10/24,12:00-13:00,Medium Cap,60.13
13/10/24,13:00-14:00,Medium Cap,51.92
13/10/24,14:00-15:00,Medium Cap,38.76
13/10/24,15:00-16:00,Medium Cap,38.76
13/10/24,16:00-17:00,Medium Cap,38.76
13/10/24,Post-Market,Medium Cap,0.0
13/10/24,Pre-Market,Medium Cap,100.0
13/10/24,9:00-10:00,Small Cap,70.49
13/10/24,10:00-11:00,Small Cap,70.49
13/10/24,11:00-12:00,Small Cap,70.49
13/10/24,12:00-13:00,Small Cap,70.49
13/10/24,13:00-14:00,Small Cap,65.8
13/10/24,14:00-15:00,Small Cap,65.8
13/10/24,15:00-16:00,Small Cap,65.8
13/10/24,16:00-17:00,Small Cap,65.8
13/10/24,Post-Market,Small Cap,0.0
13/10/24,Pre-Market,Small Cap,100.0
14/10/24,9:00-10:00,Large Cap,24.3
14/10/24,10:00-11:00,Large Cap,24.3
14/10/24,11:00-12:00,Large Cap,24.3
14/10/24,12:00-13:00,Large Cap,24.3
14/10/24,13:00-14:00,Large Cap,24.3
14/10/24,14:00-15:00,Large Cap,24.3
14/10/24,15:00-16:00,Large Cap,24.3
14/10/24,16:00-17:00,Large Cap,24.3
14/10/24,Post-Market,Large Cap,0.0
14/10/24,Pre-Market,Large Cap,100.0
14/10/24,9:00-10:00,Medium Cap,73.54
14/10/24,10:00-11:00,Medium Cap,44.06
14/10/24,11:00-12:00,Medium Cap,44.06
14/10/24,12:00-13:00,Medium Cap,44.06
14/10/24,13:00-14:00,Medium Cap,44.06
14/10/24,14:00-15:00,Medium Cap,44.06
14/10/24,15:00-16:00,Medium Cap,44.06
14/10/24,16:00-17:00,Medium Cap,44.06
14/10/24,Post-Market,Medium Cap,0.0
14/10/24,Pre-Market,Medium Cap,100.0
14/10/24,9:00-10:00,Small Cap,69.43
14/10/24,10:00-11:00,Small Cap,67.0
14/10/24,11:00-12:00,Small Cap,67.0
14/10/24,12:00-13:00,Small Cap,67.0
14/10/24,13:00-14:00,Small Cap,67.0
14/10/24,14:00-15:00,Small Cap,67.0
14/10/24,15:00-16:00,Small Cap,67.0
14/10/24,16:00-17:00,Small Cap,67.0
14/10/24,Post-Market,Small Cap,0.0
14/10/24,Pre-Market,Small Cap,100.0
15/10/24,9:00-10:00,Large Cap,35.53
15/10/24,10:00-11:00,Large Cap,23.62
15/10/24,11:00-12:00,Large Cap,23.62
15/10/24,12:00-13:00,Large Cap,23.62
15/10/24,13:00-14:00,Large Cap,23.62
15/10/24,14:00-15:00,Large Cap,23.62
15/10/24,15:00-16:00,Large Cap,23.62
15/10/24,16:00-17:00,Large Cap,23.62
15/10/24,Post-Market,Large Cap,0.0
15/10/24,Pre-Market,Large Cap,100.0
15/10/24,9:00-10:00,Medium Cap,66.86
15/10/24,10:00-11:00,Medium Cap,48.17
15/10/24,11:00-12:00,Medium Cap,48.17
15/10/24,12:00-13:00,Medium Cap,48.17
15/10/24,13:00-14:00,Medium Cap,48.17
15/10/24,14:00-15:00,Medium Cap,39.33
15/10/24,15:00-16:00,Medium Cap,39.33
15/10/24,16:00-17:00,Medium Cap,39.33
15/10/24,Post-Market,Medium Cap,0.0
15/10/24,Pre-Market,Medium Cap,100.0
15/10/24,9:00-10:00,Small Cap,75.29
15/10/24,10:00-11:00,Small Cap,59.8
15/10/24,11:00-12:00,Small Cap,59.8
15/10/24,12:00-13:00,Small Cap,59.8
15/10/24,13:00-14:00,Small Cap,59.8
15/10/24,14:00-15:00,Small Cap,59.8
15/10/24,15:00-16:00,Small Cap,59.8
15/10/24,16:00-17:00,Small Cap,59.8
15/10/24,Post-Market,Small Cap,0.0
15/10/24,Pre-Market,Small Cap,100.0
16/10/24,9:00-10:00,Large Cap,48.39
16/10/24,10:00-11:00,Large Cap,32.03
16/10/24,11:00-12:00,Large Cap,32.03
16/10/24,12:00-13:00,Large Cap,32.03
16/10/24,13:00-14:00,Large Cap,32.03
16/10/24,14:00-15:00,Large Cap,15.47
16/10/24,15:00-16:00,Large Cap,15.47
16/10/24,16:00-17:00,Large Cap,15.47
16/10/24,Post-Market,Large Cap,0.0
16/10/24,Pre-Market,Large Cap,100.0
16/10/24,9:00-10:00,Medium Cap,49.65
16/10/24,10:00-11:00,Medium Cap,49.65
16/10/24,11:00-12:00,Medium Cap,49.65
16/10/24,12:00-13:00,Medium Cap,49.65
16/10/24,13:00-14:00,Medium Cap,49.65
16/10/24,14:00-15:00,Medium Cap,44.85
16/10/24,15:00-16:00,Medium Cap,44.85
16/10/24,16:00-17:00,Medium Cap,44.85
16/10/24,Post-Market,Medium Cap,0.0
16/10/24,Pre-Market,Medium Cap,100.0
16/10/24,9:00-10:00,Small Cap,67.23
16/10/24,10:00-11:00,Small Cap,67.23
16/10/24,11:00-12:00,Small Cap,67.23
16/10/24,12:00-13:00,Small Cap,67.23
16/10/24,13:00-14:00,Small Cap,67.23
16/10/24,14:00-15:00,Small Cap,67.23
16/10/24,15:00-16:00,Small Cap,67.23
16/10/24,16:00-17:00,Small Cap,66.04
16/10/24,Post-Market,Small Cap,0.0
16/10/24,Pre-Market,Small Cap,100.0
17/10/24,9:00-10:00,Large Cap,40.3
17/10/24,10:00-11:00,Large Cap,40.3
17/10/24,11:00-12:00,Large Cap,40.3
17/10/24,12:00-13:00,Large Cap,40.3
17/10/24,13:00-14:00,Large Cap,36.87
17/10/24,14:00-15:00,Large Cap,36.87
17/10/24,15:00-16:00,Large Cap,36.87
17/10/24,16:00-17:00,Large Cap,36.87
17/10/24,Post-Market,Large Cap,0.0
17/10/24,Pre-Market,Large Cap,100.0
17/10/24,9:00-10:00,Medium Cap,49.18
17/10/24,10:00-11:00,Medium Cap,49.18
17/10/24,11:00-12:00,Medium Cap,49.18
17/10/24,12:00-13:00,Medium Cap,49.18
17/10/24,13:00-14:00,Medium Cap,46.17
17/10/24,14:00-15:00,Medium Cap,46.01
17/10/24,15:00-16:00,Medium Cap,46.01
17/10/24,16:00-17:00,Medium Cap,46.01
17/10/24,Post-Market,Medium Cap,0.0
17/10/24,Pre-Market,Medium Cap,100.0
17/10/24,9:00-10:00,Small Cap,78.44
17/10/24,10:00-11:00,Small Cap,77.4
17/10/24,11:00-12:00,Small Cap,77.4
17/10/24,12:00-13:00,Small Cap,69.05
17/10/24,13:00-14:00,Small Cap,69.05
17/10/24,14:00-15:00,Small Cap,69.05
17/10/24,15:00-16:00,Small Cap,67.04
17/10/24,16:00-17:00,Small Cap,62.89
17/10/24,Post-Market,Small Cap,0.0
17/10/24,Pre-Market,Small Cap,100.0
18/10/24,9:00-10:00,Large Cap,57.51
18/10/24,10:00-11:00,Large Cap,57.51
18/10/24,11:00-12:00,Large Cap,40.06
18/10/24,12:00-13:00,Large Cap,22.93
18/10/24,13:00-14:00,Large Cap,22.93
18/10/24,14:00-15:00,Large Cap,22.93
18/10/24,15:00-16:00,Large Cap,22.93
18/10/24,16:00-17:00,Large Cap,22.93
18/10/24,Post-Market,Large Cap,0.0
18/10/24,Pre-Market,Large Cap,100.0
18/10/24,9:00-10:00,Medium Cap,50.22
18/10/24,10:00-11:00,Medium Cap,43.31
18/10/24,11:00-12:00,Medium Cap,43.31
18/10/24,12:00-13:00,Medium Cap,43.31
18/10/24,13:00-14:00,Medium Cap,43.31
18/10/24,14:00-15:00,Medium Cap,43.31
18/10/24,15:00-16:00,Medium Cap,43.31
18/10/24,16:00-17:00,Medium Cap,43.31
18/10/24,Post-Market,Medium Cap,0.0
18/10/24,Pre-Market,Medium Cap,100.0
18/10/24,9:00-10:00,Small Cap,70.5
18/10/24,10:00-11:00,Small Cap,70.5
18/10/24,11:00-12:00,Small Cap,66.18
18/10/24,12:00-13:00,Small Cap,66.18
18/10/24,13:00-14:00,Small Cap,66.18
18/10/24,14:00-15:00,Small Cap,63.94
18/10/24,15:00-16:00,Small Cap,63.94
18/10/24,16:00-17:00,Small Cap,63.94
18/10/24,Post-Market,Small Cap,0.0
18/10/24,Pre-Market,Small Cap,100.0
19/10/24,9:00-10:00,Large Cap,58.66
19/10/24,10:00-11:00,Large Cap,40.94
19/10/24,11:00-12:00,Large Cap,40.94
19/10/24,12:00-13:00,Large Cap,40.94
19/10/24,13:00-14:00,Large Cap,40.94
19/10/24,14:00-15:00,Large Cap,40.94
19/10/24,15:00-16:00,Large Cap,40.94
19/10/24,16:00-17:00,Large Cap,40.94
19/10/24,Post-Market,Large Cap,0.0
19/10/24,Pre-Market,Large Cap,100.0
19/10/24,9:00-10:00,Medium Cap,57.97
19/10/24,10:00-11:00,Medium Cap,57.97
19/10/24,11:00-12:00,Medium Cap,57.97
19/10/24,12:00-13:00,Medium Cap,55.12
19/10/24,13:00-14:00,Medium Cap,55.12
19/10/24,14:00-15:00,Medium Cap,55.12
19/10/24,15:00-16:00,Medium Cap,55.12
19/10/24,16:00-17:00,Medium Cap,35.28
19/10/24,Post-Market,Medium Cap,0.0
19/10/24,Pre-Market,Medium Cap,100.0
19/10/24,9:00-10:00,Small Cap,71.86
19/10/24,10:00-11:00,Small Cap,69.22
19/10/24,11:00-12:00,Small Cap,69.22
19/10/24,12:00-13:00,Small Cap,67.84
19/10/24,13:00-14:00,Small Cap,67.84
19/10/24,14:00-15:00,Small Cap,67.84
19/10/24,15:00-16:00,Small Cap,59.81
19/10/24,16:00-17:00,Small Cap,59.81
19/10/24,Post-Market,Small Cap,0.0
19/10/24,Pre-Market,Small Cap,100.0
20/10/24,9:00-10:00,Large Cap,53.53
20/10/24,10:00-11:00,Large Cap,53.53
20/10/24,11:00-12:00,Large Cap,53.53
20/10/24,12:00-13:00,Large Cap,53.53
20/10/24,13:00-14:00,Large Cap,53.53
20/10/24,14:00-15:00,Large Cap,42.84
20/10/24,15:00-16:00,Large Cap,42.84
20/10/24,16:00-17:00,Large Cap,42.84
20/10/24,Post-Market,Large Cap,0.0
20/10/24,Pre-Market,Large Cap,100.0
20/10/24,9:00-10:00,Medium Cap,67.71
20/10/24,10:00-11:00,Medium Cap,63.38
20/10/24,11:00-12:00,Medium Cap,63.38
20/10/24,12:00-13:00,Medium Cap,55.41
20/10/24,13:00-14:00,Medium Cap,51.44
20/10/24,14:00-15:00,Medium Cap,51.44
20/10/24,15:00-16:00,Medium Cap,51.44
20/10/24,16:00-17:00,Medium Cap,51.44
20/10/24,Post-Market,Medium Cap,0.0
20/10/24,Pre-Market,Medium Cap,100.0
20/10/24,9:00-10:00,Small Cap,62.61
20/10/24,10:00-11:00,Small Cap,62.61
20/10/24,11:00-12:00,Small Cap,62.61
20/10/24,12:00-13:00,Small Cap,62.61
20/10/24,13:00-14:00,Small Cap,62.61
20/10/24,14:00-15:00,Small Cap,62.61
20/10/24,15:00-16:00,Small Cap,62.61
20/10/24,16:00-17:00,Small Cap,58.94
20/10/24,Post-Market,Small Cap,0.0
20/10/24,Pre-Market,Small Cap,100.0
21/10/24,9:00-10:00,Large Cap,38.39
21/10/24,10:00-11:00,Large Cap,38.39
21/10/24,11:00-12:00,Large Cap,38.39
21/10/24,12:00-13:00,Large Cap,38.39
21/10/24,13:00-14:00,Large Cap,38.39
21/10/24,14:00-15:00,Large Cap,38.39
21/10/24,15:00-16:00,Large Cap,38.39
21/10/24,16:00-17:00,Large Cap,38.39
21/10/24,Post-Market,Large Cap,0.0
21/10/24,Pre-Market,Large Cap,100.0
21/10/24,9:00-10:00,Medium Cap,47.55
21/10/24,10:00-11:00,Medium Cap,47.55
21/10/24,11:00-12:00,Medium Cap,47.55
21/10/24,12:00-13:00,Medium Cap,47.55
21/10/24,13:00-14:00,Medium Cap,47.55
21/10/24,14:00-15:00,Medium Cap,47.55
21/10/24,15:00-16:00,Medium Cap,47.55
21/10/24,16:00-17:00,Medium Cap,47.55
21/10/24,Post-Market,Medium Cap,0.0
21/10/24,Pre-Market,Medium Cap,100.0
21/10/24,9:00-10:00,Small Cap,61.11
21/10/24,10:00-11:00,Small Cap,61.11
21/10/24,11:00-12:00,Small Cap,61.11
21/10/24,12:00-13:00,Small Cap,61.11
21/10/24,13:00-14:00,Small Cap,61.11
21/10/24,14:00-15:00,Small Cap,61.11
21/10/24,15:00-16:00,Small Cap,61.11
21/10/24,16:00-17:00,Small Cap,61.11
21/10/24,Post-Market,Small Cap,0.0
21/10/24,Pre-Market,Small Cap,100.0
22/10/24,9:00-10:00,Large Cap,62.35
22/10/24,10:00-11:00,Large Cap,30.57
22/10/24,11:00-12:00,Large Cap,30.57
22/10/24,12:00-13:00,Large Cap,30.57
22/10/24,13:00-14:00,Large Cap,30.57
22/10/24,14:00-15:00,Large Cap,30.57
22/10/24,15:00-16:00,Large Cap,30.57
22/10/24,16:00-17:00,Large Cap,30.57
22/10/24,Post-Market,Large Cap,0.0
22/10/24,Pre-Market,Large Cap,100.0
22/10/24,9:00-10:00,Medium Cap,60.73
22/10/24,10:00-11:00,Medium Cap,56.64
22/10/24,11:00-12:00,Medium Cap,44.97
22/10/24,12:00-13:00,Medium Cap,33.03
22/10/24,13:00-14:00,Medium Cap,33.03
22/10/24,14:00-15:00,Medium Cap,33.03
22/10/24,15:00-16:00,Medium Cap,33.03
22/10/24,16:00-17:00,Medium Cap,33.03
22/10/24,Post-Market,Medium Cap,0.0
22/10/24,Pre-Market,Medium Cap,100.0
22/10/24,9:00-10:00,Small Cap,63.55
22/10/24,10:00-11:00,Small Cap,63.55
22/10/24,11:00-12:00,Small Cap,63.55
22/10/24,12:00-13:00,Small Cap,63.55
22/10/24,13:00-14:00,Small Cap,63.55
22/10/24,14:00-15:00,Small Cap,63.55
22/10/24,15:00-16:00,Small Cap,63.55
22/10/24,16:00-17:00,Small Cap,61.73
22/10/24,Post-Market,Small Cap,0.0
22/10/24,Pre-Market,Small Cap,100.0
23/10/24,9:00-10:00,Large Cap,46.18
23/10/24,10:00-11:00,Large Cap,46.18
23/10/24,11:00-12:00,Large Cap,44.86
23/10/24,12:00-13:00,Large Cap,38.33
23/10/24,13:00-14:00,Large Cap,38.33
23/10/24,14:00-15:00,Large Cap,33.06
23/10/24,15:00-16:00,Large Cap,31.67
23/10/24,16:00-17:00,Large Cap,31.67
23/10/24,Post-Market,Large Cap,0.0
23/10/24,Pre-Market,Large Cap,100.0
23/10/24,9:00-10:00,Medium Cap,75.04
23/10/24,10:00-11:00,Medium Cap,72.46
23/10/24,11:00-12:00,Medium Cap,56.29
23/10/24,12:00-13:00,Medium Cap,48.89
23/10/24,13:00-14:00,Medium Cap,48.89
23/10/24,14:00-15:00,Medium Cap,48.89
23/10/24,15:00-16:00,Medium Cap,48.89
23/10/24,16:00-17:00,Medium Cap,48.89
23/10/24,Post-Market,Medium Cap,0.0
23/10/24,Pre-Market,Medium Cap,100.0
23/10/24,9:00-10:00,Small Cap,56.75
23/10/24,10:00-11:00,Small Cap,56.75
23/10/24,11:00-12:00,Small Cap,56.75
23/10/24,12:00-13:00,Small Cap,56.75
23/10/24,13:00-14:00,Small Cap,56.75
23/10/24,14:00-15:00,Small Cap,56.75
23/10/24,15:00-16:00,Small Cap,56.75
23/10/24,16:00-17:00,Small Cap,56.75
23/10/24,Post-Market,Small Cap,0.0
23/10/24,Pre-Market,Small Cap,100.0
24/10/24,9:00-10:00,Large Cap,54.89
24/10/24,10:00-11:00,Large Cap,47.23
24/10/24,11:00-12:00,Large Cap,39.43
24/10/24,12:00-13:00,Large Cap,39.43
24/10/24,13:00-14:00,Large Cap,18.77
24/10/24,14:00-15:00,Large Cap,18.77
24/10/24,15:00-16:00,Large Cap,18.77
24/10/24,16:00-17:00,Large Cap,18.77
24/10/24,Post-Market,Large Cap,0.0
24/10/24,Pre-Market,Large Cap,100.0
24/10/24,9:00-10:00,Medium Cap,47.49
24/10/24,10:00-11:00,Medium Cap,47.49
24/10/24,11:00-12:00,Medium Cap,45.92
24/10/24,12:00-13:00,Medium Cap,45.92
24/10/24,13:00-14:00,Medium Cap,45.92
24/10/24,14:00-15:00,Medium Cap,45.92
24/10/24,15:00-16:00,Medium Cap,45.92
24/10/24,16:00-17:00,Medium Cap,45.92
24/10/24,Post-Market,Medium Cap,0.0
24/10/24,Pre-Market,Medium Cap,100.0
24/10/24,9:00-10:00,Small Cap,74.62
24/10/24,10:00-11:00,Small Cap,74.62
24/10/24,11:00-12:00,Small Cap,62.22
24/10/24,12:00-13:00,Small Cap,62.22
24/10/24,13:00-14:00,Small Cap,62.22
24/10/24,14:00-15:00,Small Cap,62.22
24/10/24,15:00-16:00,Small Cap,62.22
24/10/24,16:00-17:00,Small Cap,62.22
24/10/24,Post-Market,Small Cap,0.0
24/10/24,Pre-Market,Small Cap,100.0
25/10/24,9:00-10:00,Large Cap,50.28
25/10/24,10:00-11:00,Large Cap,38.33
25/10/24,11:00-12:00,Large Cap,38.33
25/10/24,12:00-13:00,Large Cap,38.33
25/10/24,13:00-14:00,Large Cap,38.33
25/10/24,14:00-15:00,Large Cap,30.81
25/10/24,15:00-16:00,Large Cap,30.81
25/10/24,16:00-17:00,Large Cap,30.81
25/10/24,Post-Market,Large Cap,0.0
25/10/24,Pre-Market,Large Cap,100.0
25/10/24,9:00-10:00,Medium Cap,63.48
25/10/24,10:00-11:00,Medium Cap,61.96
25/10/24,11:00-12:00,Medium Cap,42.97
25/10/24,12:00-13:00,Medium Cap,42.97
25/10/24,13:00-14:00,Medium Cap,42.97
25/10/24,14:00-15:00,Medium Cap,42.97
25/10/24,15:00-16:00,Medium Cap,42.97
25/10/24,16:00-17:00,Medium Cap,42.97
25/10/24,Post-Market,Medium Cap,0.0
25/10/24,Pre-Market,Medium Cap,100.0
25/10/24,9:00-10:00,Small Cap,67.3
25/10/24,10:00-11:00,Small Cap,65.11
25/10/24,11:00-12:00,Small Cap,65.11
25/10/24,12:00-13:00,Small Cap,65.11
25/10/24,13:00-14:00,Small Cap,60.8
25/10/24,14:00-15:00,Small Cap,60.8
25/10/24,15:00-16:00,Small Cap,60.8
25/10/24,16:00-17:00,Small Cap,60.8
25/10/24,Post-Market,Small Cap,0.0
25/10/24,Pre-Market,Small Cap,100.0
26/10/24,9:00-10:00,Large Cap,57.4
26/10/24,10:00-11:00,Large Cap,57.4
26/10/24,11:00-12:00,Large Cap,57.4
26/10/24,12:00-13:00,Large Cap,39.45
26/10/24,13:00-14:00,Large Cap,39.45
26/10/24,14:00-15:00,Large Cap,39.45
26/10/24,15:00-16:00,Large Cap,39.45
26/10/24,16:00-17:00,Large Cap,39.45
26/10/24,Post-Market,Large Cap,0.0
26/10/24,Pre-Market,Large Cap,100.0
26/10/24,9:00-10:00,Medium Cap,61.85
26/10/24,10:00-11:00,Medium Cap,54.24
26/10/24,11:00-12:00,Medium Cap,54.24
26/10/24,12:00-13:00,Medium Cap,54.24
26/10/24,13:00-14:00,Medium Cap,54.24
26/10/24,14:00-15:00,Medium Cap,54.24
26/10/24,15:00-16:00,Medium Cap,44.3
26/10/24,16:00-17:00,Medium Cap,44.3
26/10/24,Post-Market,Medium Cap,0.0
26/10/24,Pre-Market,Medium Cap,100.0
26/10/24,9:00-10:00,Small Cap,65.71
26/10/24,10:00-11:00,Small Cap,65.71
26/10/24,11:00-12:00,Small Cap,65.71
26/10/24,12:00-13:00,Small Cap,65.71
26/10/24,13:00-14:00,Small Cap,65.71
26/10/24,14:00-15:00,Small Cap,65.71
26/10/24,15:00-16:00,Small Cap,65.71
26/10/24,16:00-17:00,Small Cap,65.71
26/10/24,Post-Market,Small Cap,0.0
26/10/24,Pre-Market,Small Cap,100.0
27/10/24,9:00-10:00,Large Cap,62.51
27/10/24,10:00-11:00,Large Cap,25.09
27/10/24,11:00-12:00,Large Cap,25.09
27/10/24,12:00-13:00,Large Cap,25.09
27/10/24,13:00-14:00,Large Cap,25.09
27/10/24,14:00-15:00,Large Cap,25.09
27/10/24,15:00-16:00,Large Cap,25.09
27/10/24,16:00-17:00,Large Cap,25.09
27/10/24,Post-Market,Large Cap,0.0
27/10/24,Pre-Market,Large Cap,100.0
27/10/24,9:00-10:00,Medium Cap,64.59
27/10/24,10:00-11:00,Medium Cap,64.3
27/10/24,11:00-12:00,Medium Cap,47.23
27/10/24,12:00-13:00,Medium Cap,47.23
27/10/24,13:00-14:00,Medium Cap,47.23
27/10/24,14:00-15:00,Medium Cap,47.23
27/10/24,15:00-16:00,Medium Cap,47.23
27/10/24,16:00-17:00,Medium Cap,47.23
27/10/24,Post-Market,Medium Cap,0.0
27/10/24,Pre-Market,Medium Cap,100.0
27/10/24,9:00-10:00,Small Cap,69.65
27/10/24,10:00-11:00,Small Cap,69.65
27/10/24,11:00-12:00,Small Cap,64.59
27/10/24,12:00-13:00,Small Cap,64.59
27/10/24,13:00-14:00,Small Cap,64.59
27/10/24,14:00-15:00,Small Cap,64.59
27/10/24,15:00-16:00,Small Cap,64.59
27/10/24,16:00-17:00,Small Cap,64.59
27/10/24,Post-Market,Small Cap,0.0
27/10/24,Pre-Market,Small Cap,100.0
28/10/24,9:00-10:00,Large Cap,54.01
28/10/24,10:00-11:00,Large Cap,54.01
28/10/24,11:00-12:00,Large Cap,54.01
28/10/24,12:00-13:00,Large Cap,54.01
28/10/24,13:00-14:00,Large Cap,43.7
28/10/24,14:00-15:00,Large Cap,36.22
28/10/24,15:00-16:00,Large Cap,36.22
28/10/24,16:00-17:00,Large Cap,36.22
28/10/24,Post-Market,Large Cap,0.0
28/10/24,Pre-Market,Large Cap,100.0
28/10/24,9:00-10:00,Medium Cap,68.9
28/10/24,10:00-11:00,Medium Cap,54.83
28/10/24,11:00-12:00,Medium Cap,54.83
28/10/24,12:00-13:00,Medium Cap,54.83
28/10/24,13:00-14:00,Medium Cap,54.83
28/10/24,14:00-15:00,Medium Cap,49.96
28/10/24,15:00-16:00,Medium Cap,49.96
28/10/24,16:00-17:00,Medium Cap,49.96
28/10/24,Post-Market,Medium Cap,0.0
28/10/24,Pre-Market,Medium Cap,100.0
28/10/24,9:00-10:00,Small Cap,70.41
28/10/24,10:00-11:00,Small Cap,70.41
28/10/24,11:00-12:00,Small Cap,67.77
28/10/24,12:00-13:00,Small Cap,67.39
28/10/24,13:00-14:00,Small Cap,63.28
28/10/24,14:00-15:00,Small Cap,63.28
28/10/24,15:00-16:00,Small Cap,63.28
28/10/24,16:00-17:00,Small Cap,62.57
28/10/24,Post-Market,Small Cap,0.0
28/10/24,Pre-Market,Small Cap,100.0
29/10/24,9:00-10:00,Large Cap,54.34
29/10/24,10:00-11:00,Large Cap,42.04
29/10/24,11:00-12:00,Large Cap,40.44
29/10/24,12:00-13:00,Large Cap,40.44
29/10/24,13:00-14:00,Large Cap,40.44
29/10/24,14:00-15:00,Large Cap,27.26
29/10/24,15:00-16:00,Large Cap,27.26
29/10/24,16:00-17:00,Large Cap,27.26
29/10/24,Post-Market,Large Cap,0.0
29/10/24,Pre-Market,Large Cap,100.0
29/10/24,9:00-10:00,Medium Cap,84.55
29/10/24,10:00-11:00,Medium Cap,53.77
29/10/24,11:00-12:00,Medium Cap,53.77
29/10/24,12:00-13:00,Medium Cap,51.68
29/10/24,13:00-14:00,Medium Cap,51.68
29/10/24,14:00-15:00,Medium Cap,51.68
29/10/24,15:00-16:00,Medium Cap,51.68
29/10/24,16:00-17:00,Medium Cap,51.68
29/10/24,Post-Market,Medium Cap,0.0
29/10/24,Pre-Market,Medium Cap,100.0
29/10/24,9:00-10:00,Small Cap,66.81
29/10/24,10:00-11:00,Small Cap,66.81
29/10/24,11:00-12:00,Small Cap,66.81
29/10/24,12:00-13:00,Small Cap,66.81
29/10/24,13:00-14:00,Small Cap,66.81
29/10/24,14:00-15:00,Small Cap,66.81
29/10/24,15:00-16:00,Small Cap,66.81
29/10/24,16:00-17:00,Small Cap,66.81
29/10/24,Post-Market,Small Cap,0.0
29/10/24,Pre-Market,Small Cap,100.0
30/10/24,9:00-10:00,Large Cap,42.24
30/10/24,10:00-11:00,Large Cap,42.24
30/10/24,11:00-12:00,Large Cap,42.24
30/10/24,12:00-13:00,Large Cap,42.24
30/10/24,13:00-14:00,Large Cap,42.24
30/10/24,14:00-15:00,Large Cap,42.24
30/10/24,15:00-16:00,Large Cap,42.24
30/10/24,16:00-17:00,Large Cap,39.04
30/10/24,Post-Market,Large Cap,0.0
30/10/24,Pre-Market,Large Cap,100.0
30/10/24,9:00-10:00,Medium Cap,62.24
30/10/24,10:00-11:00,Medium Cap,62.24
30/10/24,11:00-12:00,Medium Cap,62.24
30/10/24,12:00-13:00,Medium Cap,62.24
30/10/24,13:00-14:00,Medium Cap,62.24
30/10/24,14:00-15:00,Medium Cap,62.24
30/10/24,15:00-16:00,Medium Cap,62.24
30/10/24,16:00-17:00,Medium Cap,59.67
30/10/24,Post-Market,Medium Cap,0.0
30/10/24,Pre-Market,Medium Cap,100.0
30/10/24,9:00-10:00,Small Cap,69.92
30/10/24,10:00-11:00,Small Cap,67.35
30/10/24,11:00-12:00,Small Cap,67.35
30/10/24,12:00-13:00,Small Cap,67.35
30/10/24,13:00-14:00,Small Cap,67.35
30/10/24,14:00-15:00,Small Cap,67.35
30/10/24,15:00-16:00,Small Cap,67.35
30/10/24,16:00-17:00,Small Cap,67.35
30/10/24,Post-Market,Small Cap,0.0
30/10/24,Pre-Market,Small Cap,100.0
31/10/24,9:00-10:00,Large Cap,29.6
31/10/24,10:00-11:00,Large Cap,29.6
31/10/24,11:00-12:00,Large Cap,29.6
31/10/24,12:00-13:00,Large Cap,29.6
31/10/24,13:00-14:00,Large Cap,29.6
31/10/24,14:00-15:00,Large Cap,29.6
31/10/24,15:00-16:00,Large Cap,29.6
31/10/24,16:00-17:00,Large Cap,29.6
31/10/24,Post-Market,Large Cap,0.0
31/10/24,Pre-Market,Large Cap,100.0
31/10/24,9:00-10:00,Medium Cap,67.46
31/10/24,10:00-11:00,Medium Cap,56.92
31/10/24,11:00-12:00,Medium Cap,56.92
31/10/24,12:00-13:00,Medium Cap,56.92
31/10/24,13:00-14:00,Medium Cap,56.92
31/10/24,14:00-15:00,Medium Cap,56.92
31/10/24,15:00-16:00,Medium Cap,44.77
31/10/24,16:00-17:00,Medium Cap,44.77
31/10/24,Post-Market,Medium Cap,0.0
31/10/24,Pre-Market,Medium Cap,100.0
31/10/24,9:00-10:00,Small Cap,73.23
31/10/24,10:00-11:00,Small Cap,71.1
31/10/24,11:00-12:00,Small Cap,69.52
31/10/24,12:00-13:00,Small Cap,69.52
31/10/24,13:00-14:00,Small Cap,69.52
31/10/24,14:00-15:00,Small Cap,66.5
31/10/24,15:00-16:00,Small Cap,66.5
31/10/24,16:00-17:00,Small Cap,66.5
31/10/24,Post-Market,Small Cap,0.0
31/10/24,Pre-Market,Small Cap,100.0
